NA Name,Top X Name,Rank,Country Code,Country_NA,Total_CP,Placement,Country_TopX,Top_X_CP,CP Finishes,Locals CP
Henry Chao,Henry Chao,1,USA,United States,1738,1,US,1575,"350, 350, 350, 325, 200",163
Caleb Rogerson,Caleb Rogerson,2,USA,United States,1589,2,US,1340,"300, 300, 300, 280, 160",249
Rahul Reddy,Rahul Reddy,3,USA,United States,1525,3,US,1265,"325, 300, 280, 200, 160",260
Owen Dalgard,Owen Dalgard,4,USA,United States,1525,4,US,1265,"300, 280, 280, 280, 125",260
Michael Davidson,Michael Davidson,5,USA,United States,1500,5,US,1240,"350, 325, 280, 160, 125",260
Drew Hedrick,Andrew Hedrick,6,USA,United States,1339,6,US,1085,"350, 325, 160, 125, 125",254
Gabriel Smart,Gabriel Smart,7,USA,United States,1330,7,US,1080,"350, 280, 200, 125, 125",250
Sebastian L,Sebastian Lashmet,8,USA,United States,1285,8,US,1040,"300, 280, 200, 160, 100",245
Phoenix White,Caitlin White,9,CAN,Canada,1275,17,CA,915,"325, 300, 150, 80, 60",360
Grant S,Grant Shen,10,USA,United States,1267,9,US,1040,"300, 280, 200, 160, 100",227
lucas xing,Lucas Xing,11,CAN,Canada,1235,11,CA,1010,"325, 280, 160, 125, 120",225
Christian LaBella,Christian LaBella,12,CAN,Canada,1228,10,CA,1015,"350, 280, 160, 125, 100",213
Jeremy Gumila,Jeremy Gumila,13,USA,United States,1199,13,US,960,"350, 280, 150, 100, 80",239
Cal Connor,Calvin Connor,14,USA,United States,1175,16,US,915,"350, 160, 160, 125, 120",260
Ian R,Ian Robb,15,USA,United States,1160,20,US,900,"280, 280, 160, 100, 80",260
Jon Eng,Jon Eng,16,USA,United States,1150,19,US,910,"280, 160, 160, 160, 150",240
Ciaran Farah,Ciaran Farah,17,CAN,Canada,1145,14,CA,945,"325, 280, 160, 100, 80",200
Benjamin H,Benjamin Hebert,18,CAN,Canada,1140,22,CA,880,"280, 280, 120, 100, 100",260
Abaan A,Abaan Ahmed,19,USA,United States,1120,18,US,910,"280, 280, 150, 100, 100",210
Vince Owen,Vincent Owen,20,USA,United States,1117,25,US,870,"325, 300, 125, 60, 60",247
Grant Manley,Grant Manley,21,USA,United States,1110,24,US,870,"300, 160, 160, 150, 100",240
Noah Sakadjian,Noah Sakadjian,22,USA,United States,1110,15,US,930,"300, 280, 125, 125, 100",180
Jackson Ford,Jackson Ford,23,CAN,Canada,1105,27,CA,845,"380, 160, 125, 100, 80",260
Alex Schemanske,Alex Schemanske,24,USA,United States,1105,23,US,870,"325, 200, 125, 120, 100",235
Rowan Stavenow,Rowan Stavenow,25,CAN,Canada,1097,28,CA,840,"280, 160, 150, 125, 125",257
Makani Tran,Makani Tran,26,USA,United States,1095,29,US,835,"325, 160, 125, 125, 100",260
tantan-h,Tanner Hurley,27,USA,United States,1067,21,US,900,"300, 280, 120, 100, 100",167
steven20051,Steven Hamula,28,USA,United States,1045,31,US,785,"300, 160, 125, 120, 80",260
Piper Lepine,Piper Lepine,29,USA,United States,1045,30,US,800,"280, 160, 160, 100, 100",245
Cerys Jones,Cerys Jones,30,USA,United States,1030,32,US,770,"300, 125, 125, 120, 100",260
Julian Gort-Barry,Julian Gort-Barry,31,CAN,Canada,1025,33,CA,765,"325, 160, 120, 100, 60",260
Aidan Khus,Aidan Khus,32,USA,United States,1015,34,US,755,"280, 125, 125, 125, 100",260
Caleb Gedemer,Caleb Gedemer,33,USA,United States,1010,12,US,1010,"350, 300, 160, 100, 100",0
Benny Billinger,Benny Billinger,34,CAN,Canada,974,36,CA,730,"200, 160, 125, 125, 120",244
ryan Antonucci,Ryan Antonucci,35,USA,United States,966,37,US,720,"160, 160, 150, 125, 125",246
Stephen888888,Stephen Lowe,36,USA,United States,945,39,US,685,"280, 125, 100, 100, 80",260
Joseph Mousaed,Joseph Mousaed,37,USA,United States,910,41,US,660,"280, 160, 100, 60, 60",250
emmet hurley,Emmet Hurley,38,USA,United States,910,38,US,685,"300, 125, 100, 80, 80",225
kamil98,Kamil Colatosti,39,CAN,Canada,882,44,CA,640,"280, 160, 100, 60, 40",242
Justin Turner,Justin Turner,40,USA,United States,880,50,US,620,"280, 100, 100, 80, 60",260
Jerrick Gumila,Jerrick Gumila,41,USA,United States,880,47,US,620,"300, 80, 80, 80, 80",260
Maddox Corcoran,Maddox Corcoran,42,USA,United States,880,49,US,620,"280, 100, 100, 80, 60",260
Taylor W,Taylor Whalen,43,USA,United States,874,48,US,620,"280, 100, 80, 80, 80",254
Michael Bio,Michael Bio,44,USA,United States,870,46,US,620,"160, 160, 120, 100, 80",250
Isaiah Bradner,Isaiah Bradner,45,USA,United States,870,26,US,860,"350, 200, 150, 100, 60",10
Jack Moore,Jack Moore,46,CAN,Canada,860,52,CA,610,"160, 150, 100, 100, 100",250
Hunter Smith,Hunter Smith,47,USA,United States,860,43,US,640,"280, 160, 80, 60, 60",220
Tom Hellkamp,Tom Hellkamp,48,USA,United States,852,45,US,625,"280, 125, 100, 60, 60",227
Owen Rhoads,Owen Rhoads,49,USA,United States,842,55,US,600,"280, 100, 100, 60, 60",242
Nathan Ginsburg,Nathan Ginsburg,50,USA,United States,840,60,US,580,"150, 125, 125, 100, 80",260
Saumit Kukkadapu,Saumit Kukkadapu,51,USA,United States,840,56,US,600,"280, 160, 80, 40, 40",240
Bodhi Robinson,Bodhi Robinson,52,USA,United States,835,51,US,610,"160, 125, 125, 100, 100",225
Cameron Shenoy,Cameron Shenoy,53,USA,United States,832,53,US,605,"280, 125, 80, 60, 60",227
Simon Feng,Simon Feng,54,CAN,Canada,822,58,CA,585,"160, 125, 100, 100, 100",237
Nathan Stratford,Nathan Stratford,55,USA,United States,822,61,US,580,"280, 80, 80, 80, 60",242
Matt Chuang,Matt Chuang,56,USA,United States,820,66,US,560,"160, 100, 100, 100, 100",260
Neo Erlandsson,Neo Erlandsson,56,USA,United States,820,68,US,560,"280, 100, 80, 60, 40",260
Nicholas Moffitt,Nicholas Moffitt,58,USA,United States,820,64,US,560,"160, 100, 100, 100, 100",260
Kian Amini,Kian Amini,59,USA,United States,810,69,US,550,"125, 125, 120, 100, 80",260
Julio Santos De Leon,Julio Santos De Leon,60,USA,United States,809,59,US,580,"300, 100, 80, 60, 40",229
David Zheng,David Zheng,61,USA,United States,805,71,US,545,"160, 125, 100, 100, 60",260
Kenneth Gilman,Kenneth Gilman,62,USA,United States,802,62,US,565,"325, 80, 60, 60, 40",237
Tyler Mathews,Tyler Mathews,63,USA,United States,802,40,US,670,"280, 125, 125, 80, 60",132
zach lesage,Zach Lesage,64,CAN,Canada,800,72,CA,540,"160, 100, 100, 100, 80",260
CHARIZARDMT,Abe Morales,65,USA,United States,794,70,US,550,"160, 125, 125, 80, 60",244
PRESTON Rutledge,Preston Rutledge,66,USA,United States,790,75,US,540,"160, 100, 100, 100, 80",250
Steven Varesko,Steven Varesko,67,USA,United States,782,63,US,560,"300, 100, 80, 40, 40",222
Dallas White,Dallas White,68,USA,United States,780,77,US,530,"160, 125, 125, 80, 40",250
James Kowalski,James Kowalski,69,USA,United States,780,82,US,520,"300, 80, 60, 40, 40",260
Goomy35,Justin Newdorf,70,USA,United States,780,81,US,520,"300, 100, 80, 40",260
Ethan Hegyi,Ethan Hegyi,71,USA,United States,779,76,US,535,"125, 125, 125, 100, 60",244
Isaiah C,Isaiah Cheville,72,USA,United States,776,74,US,540,"160, 160, 100, 80, 40",236
Dennis Peroff,Dennis Peroff,73,CAN,Canada,775,83,CA,515,"125, 125, 125, 80, 60",260
Aneil S,Aneil Saini,74,CAN,Canada,774,73,CA,540,"280, 100, 80, 40, 40",234
Trevore Read,Trevore Read,75,CAN,Canada,760,90,CA,500,"280, 100, 60, 40, 20",260
Cobi Kawasaki,Cobi Kawasaki,76,USA,United States,760,89,US,500,"160, 100, 80, 80, 80",260
Austin Ellis,Austin Ellis,77,CAN,Canada,759,67,CA,560,"380, 80, 40, 40, 20",199
Nolan Randall,Nolan Randall,78,CAN,Canada,750,85,CA,500,"280, 80, 60, 40, 40",250
Joseph Figliano,Joe Figliano,79,USA,United States,750,86,US,500,"160, 160, 80, 60, 40",250
Ross Cawthon,Ross Cawthon,80,USA,United States,750,91,US,500,"160, 100, 80, 80, 80",250
Joshua Frink,Joshua Frink,81,USA,United States,747,79,US,525,"125, 100, 100, 100, 100",222
Aaron Friedman,Aaron Friedman,82,USA,United States,745,96,US,485,"125, 120, 120, 60, 60",260
Iain Harding,Iain Harding,83,USA,United States,744,84,US,505,"125, 100, 100, 100, 80",239
blake w,blake wray,84,USA,United States,740,100,US,480,"120, 100, 100, 80, 80",260
Samuel Scime,Samuel Scime,85,CAN,Canada,740,92,CA,490,"125, 125, 80, 80, 80",250
Mauricio Patino,Mauricio Patino,86,USA,United States,740,78,US,525,"325, 80, 80, 40",215
Hasan Kunukcu,Hasan Kunukcu,87,USA,United States,740,99,US,480,"280, 160, 40",260
Xander Pero,Xander Pero,88,USA,United States,740,35,US,740,"420, 160, 120, 40",0
JOSE ZELAYA,Jose Zelaya,89,USA,United States,737,102,US,480,"200, 100, 80, 60, 40",257
nathian beck,Nathian Beck,90,USA,United States,736,65,US,560,"200, 100, 100, 80, 80",176
Dylan Smeigh,Dylan Smeigh,91,USA,United States,735,97,US,485,"125, 100, 100, 80, 80",250
Liam Halliburton,Liam Halliburton,92,USA,United States,735,94,US,485,"125, 100, 100, 80, 80",250
Shane M,Shane McManus,93,USA,United States,730,103,US,470,"125, 125, 80, 80, 60",260
Michael Meal,Michael Meal,94,CAN,Canada,730,104,CA,470,"125, 125, 80, 80, 60",260
Max Johnson,Maxwell Johnson,95,USA,United States,727,87,US,500,"160, 100, 80, 80, 80",227
Charlie Lockyer,Charlie Lockyer,96,USA,United States,727,80,US,520,"160, 100, 100, 80, 80",207
Dylan Gunn,Dylan Gunn,97,USA,United States,726,93,US,490,"125, 125, 100, 80, 60",236
Henry Thompson,Henry Thompson,98,USA,United States,725,106,US,465,"125, 100, 80, 80, 80",260
Adam Kalamat,Adam Kalamat,99,CAN,Canada,725,105,CA,465,"125, 100, 80, 80, 80",260
Jose Marrero,Jose Marrero,100,USA,United States,725,108,US,465,"125, 120, 80, 80, 60",260
Coreyology,Corey Blankenship,100,USA,United States,725,107,US,465,"125, 100, 80, 80, 80",260
Solomon Shurge,Solomon Shurge,102,USA,United States,721,101,US,480,"160, 120, 100, 80, 20",241
Tdtipton07,Tim Tipton,103,USA,United States,720,113,US,460,"120, 100, 100, 80, 60",260
Snowlemon,Yihao Chen,104,USA,United States,720,116,US,460,"160, 100, 80, 60, 60",260
Sammy Allen,Sammy Allen,105,USA,United States,720,114,US,460,"160, 100, 80, 60, 60",260
kamal crooks,Kamal Crooks-Valdez,106,USA,United States,720,95,US,485,"125, 100, 100, 80, 80",235
Seagrove,Jeremiah Schmutz,107,USA,United States,720,112,US,460,"100, 100, 100, 80, 80",260
Orlando Karam,Orlando Karam,108,USA,United States,717,117,US,460,"280, 80, 60, 40",257
Nicolas Gist,Nico Gist,109,USA,United States,716,109,US,465,"125, 120, 100, 80, 40",251
Vance Kelley,Vance Kelley,110,USA,United States,714,111,US,460,"160, 100, 100, 60, 40",254
DC DeVos,DC DeVos,111,USA,United States,707,110,US,460,"160, 100, 80, 60, 60",247
Scotty Chesser,Scotty Chesser,112,USA,United States,705,118,US,445,"125, 100, 80, 80, 60",260
Elsie Croizer,Elsie Croizer,113,CAN,Canada,700,122,CA,440,"100, 100, 100, 80, 60",260
Tiger Hickman,Tiger Hickman,114,USA,United States,700,124,US,440,"100, 100, 100, 80, 60",260
Christopher B,Christopher Butler,115,USA,United States,700,128,US,440,"160, 100, 80, 60, 40",260
Cyrus McCane,Cyrus McCane,116,USA,United States,700,123,US,440,"120, 100, 80, 80, 60",260
Matt Bacnis,Matt Bacnis,117,USA,United States,700,127,US,440,"100, 100, 80, 80, 80",260
Christian Chase,Christian Chase,118,USA,United States,700,125,US,440,"100, 100, 80, 80, 80",260
Alex Chandler,Alex Chandler,119,USA,United States,696,115,US,460,"300, 100, 60",236
simon trottier,Simon Trottier-Lacasse,120,CAN,Canada,695,130,CA,435,"150, 125, 60, 60, 40",260
Dean Nezam,Dean Nezam,121,USA,United States,695,119,US,445,"125, 80, 80, 80, 80",250
Ajay Sridhar,Ajay Sridhar,122,USA,United States,692,121,US,445,"125, 80, 80, 80, 80",247
azul C. garcia Griego,Azul Garcia Griego,123,USA,United States,688,42,US,655,"350, 125, 100, 80",33
Keaton Gill,Keaton Gill,124,USA,United States,687,54,US,605,"280, 125, 80, 80, 40",82
brandon salazar,Brandon Salazar,125,USA,United States,682,98,US,485,"160, 125, 80, 60, 60",197
JayCTrainer13,Jay Cristiano,126,CAN,Canada,680,134,CA,420,"120, 100, 100, 60, 40",260
Austin Charles,Austin Charles,127,USA,United States,680,139,US,420,"160, 80, 80, 80, 20",260
Dre Alderette,Dre Alderette,128,USA,United States,680,136,US,420,"100, 100, 80, 80, 60",260
Ming Weng,Ming Weng,129,USA,United States,680,135,US,420,"160, 80, 60, 60, 60",260
Cameron Kawasaki,Cameron Kawasaki,130,USA,United States,680,133,US,420,"100, 100, 80, 80, 60",260
Frank Luciano,Frank Luciano,131,USA,United States,680,142,US,420,"100, 80, 80, 80, 80",260
Le B,Le Bui,132,USA,United States,680,129,US,440,"300, 80, 60",240
Landen Kaetler,Landen Kaetler,133,CAN,Canada,672,57,CA,590,"350, 120, 80, 40",82
Tim Vince,Tim Vince,134,CAN,Canada,670,140,CA,420,"120, 120, 80, 60, 40",250
JALEN JONES,Jalen Jones,135,USA,United States,670,138,US,420,"160, 100, 80, 40, 40",250
Jon Bieligk,Jon Bieligk,136,USA,United States,665,145,US,405,"160, 125, 40, 40, 40",260
Pearce Blend,Pearce Blend,137,USA,United States,665,146,US,405,"125, 100, 80, 60, 40",260
Adam Reinhardt,Adam Reinhardt,138,USA,United States,665,144,US,405,"125, 100, 60, 60, 60",260
Shun T,Shun Takemasa,139,USA,United States,664,131,US,430,"150, 100, 80, 60, 40",234
RAMIRO GALINDO,Ramiro Galindo,140,USA,United States,662,126,US,440,"160, 100, 80, 60, 40",222
Riley448_,Riley Malik,141,USA,United States,660,153,US,400,"100, 100, 80, 80, 40",260
Kyle Lesniewicz,Kyle Lesniewicz,142,USA,United States,660,141,US,420,"300, 40, 40, 20, 20",240
Arjun K,Arjun Khadse,142,USA,United States,660,155,US,400,"100, 80, 80, 80, 60",260
Primalbutler,Hunter Butler,142,USA,United States,660,152,US,400,"100, 80, 80, 80, 60",260
Sanjay Sundararajan,Sanjay Sundararajan,145,USA,United States,660,150,US,400,"100, 100, 80, 80, 40",260
jesse spencer,jesse spencer,146,USA,United States,659,147,US,405,"125, 100, 80, 60, 40",254
Joey Gaffney,Joey Gaffney,147,CAN,Canada,657,149,CA,405,"125, 100, 60, 60, 60",252
Mustafa Tobah,Mustafa Tobah,148,USA,United States,657,151,US,400,"100, 100, 80, 60, 60",257
Mario Martinez,Mario Martinez,149,USA,United States,647,143,US,420,"100, 100, 80, 80, 60",227
Brandon Baughn,Brandon Baughn,150,USA,United States,645,158,US,385,"125, 80, 80, 60, 40",260
Brandon Joestar,Brandon Joestar,151,USA,United States,645,159,US,385,"125, 80, 80, 60, 40",260
Juan Mora,Juan Mora,152,USA,United States,640,164,US,380,"100, 80, 80, 60, 60",260
Ethan Yi,Ethan Yi,153,USA,United States,640,167,US,380,"100, 100, 80, 60, 40",260
HECTOR IBARRA,HECTOR IBARRA,154,USA,United States,640,165,US,380,"80, 80, 80, 80, 60",260
Joseph Nawal,Joseph Nawal,155,USA,United States,640,163,US,380,"100, 100, 80, 60, 40",260
Richard Yannow,Richard Yannow,156,USA,United States,635,148,US,405,"160, 125, 40, 40, 40",230
Justin K,Justin Kim,157,CAN,Canada,635,173,CA,375,"150, 125, 60, 20, 20",260
Ryan H,Ryan Harris,158,USA,United States,631,169,US,380,"80, 80, 80, 80, 60",251
Kevin Gomez,Kevin Gomez,159,CAN,Canada,630,171,CA,380,"160, 80, 80, 60",250
Noah-EX,Noah Donen,160,CAN,Canada,625,175,CA,365,"125, 80, 60, 60, 40",260
Evan Bryant,Evan Bryant,161,USA,United States,625,177,US,365,"125, 100, 60, 40, 40",260
Alex Hamilton,Alex Hamilton,162,USA,United States,625,176,US,365,"125, 100, 60, 40, 40",260
Ryan Ginsburg,Ryan Ginsburg,163,USA,United States,622,174,US,365,"125, 100, 60, 40, 40",257
Isaiah Williams,Isaiah Williams,164,USA,United States,622,88,US,500,"280, 80, 60, 40, 40",122
George Illidge,George Illidge,166,USA,United States,620,180,US,360,"160, 100, 80, 20",260
Thomas V,Thomas Veazie,167,USA,United States,620,190,US,360,"100, 80, 80, 60, 40",260
Jeremy Medina,Jeremy Medina,168,USA,United States,620,192,US,360,"100, 100, 60, 60, 40",260
Kenny Mauder,Kenneth Mauder,169,USA,United States,620,183,US,360,"80, 80, 80, 60, 60",260
Aaron Curry,Aaron Curry,170,USA,United States,620,166,US,380,"280, 40, 40, 20",240
Lance Bradshaw,Lance Bradshaw,171,USA,United States,615,184,US,360,"100, 100, 80, 40, 40",255
Aaron Walker,Aaron Walker,172,USA,United States,614,157,US,390,"150, 80, 80, 40, 40",224
Jake Riggs,Jake Riggs,173,USA,United States,610,186,US,360,"100, 80, 60, 60, 60",250
Sunny Singh,Rajveer Singh,174,USA,United States,608,196,US,360,"160, 60, 60, 40, 40",248
Sergio R,Sergio Rodriguez,175,CAN,Canada,607,198,CA,350,"150, 80, 40, 40, 40",257
camden freeze,Camden Freeze,176,USA,United States,606,156,US,400,"160, 80, 80, 40, 40",206
benjamin nackman,Benjamin Nackman,177,USA,United States,605,200,US,345,"125, 80, 60, 40, 40",260
Dalten Cross,Dalten Cross,178,USA,United States,605,178,US,365,"125, 120, 40, 40, 40",240
Anthony Ouertani,Anthony Ouertani,179,USA,United States,600,209,US,340,"100, 100, 60, 60, 20",260
Nicole Crouthamel,Nicole Crouthamel,180,USA,United States,600,207,US,340,"100, 80, 60, 60, 40",260
Eric Ridgeway,Eric Ridgeway,181,USA,United States,600,208,US,340,"80, 80, 80, 60, 40",260
Nicholas Dela Torre,Nick Dela Torre,182,USA,United States,600,205,US,340,"100, 80, 80, 40, 40",260
Carter Malnaik,Carter Malnaik,183,USA,United States,600,202,US,340,"100, 100, 60, 40, 40",260
Joseph Turrentine,Joe Turrentine,184,USA,United States,600,206,US,340,"100, 100, 80, 40, 20",260
Kris Kemp,Kristopher Kemp,185,USA,United States,599,185,US,360,"80, 80, 80, 80, 40",239
Dominic Viola,Dominic Viola,187,USA,United States,599,179,US,365,"160, 125, 80",234
Caleb Patton,Caleb Patton,188,USA,United States,592,201,US,345,"125, 60, 60, 60, 40",247
Cory Tangman,Cory Tangman,189,USA,United States,592,188,US,360,"120, 80, 60, 60, 40",232
Casey Bennink,Casey Bennink,190,USA,United States,590,210,US,340,"80, 80, 80, 60, 40",250
Sahil P,Sahil Parekh,191,USA,United States,590,203,US,340,"80, 80, 80, 60, 40",250
Duncan Crowley,Duncan Crowley,192,USA,United States,590,187,US,360,"100, 80, 60, 60, 60",230
Christian Franco,Chris Franco,193,USA,United States,587,204,US,340,"100, 80, 60, 60, 40",247
John Kriewall,JW Kriewall,194,USA,United States,587,181,US,360,"100, 100, 80, 80",227
Joseph Sanchez,Joseph Sanchez,196,USA,United States,584,195,US,360,"100, 80, 60, 60, 60",224
CodMicGra,Cody Graham,197,USA,United States,580,229,US,320,"80, 80, 60, 60, 40",260
Asher Campbell,Asher Campbell,198,USA,United States,580,223,US,320,"80, 80, 60, 60, 40",260
Dean Davis,Dean Davis,199,USA,United States,580,224,US,320,"80, 80, 60, 60, 40",260
Riley M,Riley McKay,200,CAN,Canada,580,222,CA,320,"100, 80, 80, 60",260
gabe shumway,Gabe Shumway,201,USA,United States,580,211,US,340,"160, 60, 60, 60",240
Benjamin Chang,Benjamin Chang,202,USA,United States,577,191,US,360,"100, 80, 80, 60, 40",217
Joshua Wallis,Joshua Wallis,203,USA,United States,577,172,US,380,"280, 60, 40",197
Jake Santiago,Jake Santiago,204,CAN,Canada,573,162,CA,380,"100, 80, 80, 60, 60",193
Murat Gursoz,Murat Gursoz,205,USA,United States,573,197,US,360,"120, 80, 60, 60, 40",213
Daniel Merlo,Daniel Merlo,206,USA,United States,572,228,US,320,"100, 80, 80, 60",252
Dillon Johnson,Dillon Johnson,207,USA,United States,572,225,US,320,"100, 80, 60, 40, 40",252
Asher J,Asher Johnson,208,USA,United States,570,226,US,320,"160, 80, 60, 20",250
Justin T,Justin Tse,209,CAN,Canada,569,193,CA,360,"160, 80, 80, 40",209
Felipe Garibay,Felipe Garibay,210,USA,United States,565,237,US,305,"125, 100, 80",260
Ryan Miller,Ryan Miller,211,USA,United States,562,218,US,325,"125, 100, 80, 20",237
bryan okrey,bryan okrey,212,USA,United States,561,182,US,360,"100, 80, 80, 60, 40",201
Austin Lee,Austin Lee,213,USA,United States,560,248,US,300,"120, 60, 40, 40, 40",260
Justin Brothers,Justin Brothers,215,USA,United States,560,244,US,300,"100, 60, 60, 40, 40",260
Anthony Bruno,Anthony Bruno,216,USA,United States,560,245,US,300,"80, 80, 60, 40, 40",260
Alexander Dokuchaev,Alexander Dokuchaev,217,USA,United States,560,242,US,300,"80, 80, 80, 60",260
Sawyer Melban,Sawyer Melban,217,USA,United States,560,216,US,325,"125, 60, 60, 40, 40",235
Armando A Cervantes,Armando Cervantes,219,USA,United States,560,194,US,360,"160, 100, 100",200
Michael Ingalls,Michael Ingalls,220,USA,United States,555,235,US,305,"125, 60, 60, 40, 20",250
Iyla Sutherland,Iyla Sutherland,221,USA,United States,555,120,US,445,"160, 125, 80, 40, 40",110
Jack P,Jack Pitcher,222,CAN,Canada,555,219,CA,325,"125, 80, 40, 40, 40",230
Rafal Gladysz,Rafal Gladysz,223,USA,United States,554,220,US,320,"100, 100, 40, 40, 40",234
Tyler Perry,Tyler Perry,224,USA,United States,553,189,US,360,"100, 80, 80, 60, 40",193
JUAN FLORES,Juan Flores,225,USA,United States,550,250,US,300,"100, 100, 60, 20, 20",250
MICHAEL MESSINA,Michael Messina,226,USA,United States,550,243,US,300,"80, 80, 60, 40, 40",250
JUNIOR CHALA,Junior Chala,227,USA,United States,547,239,US,300,"100, 60, 60, 60, 20",247
Rich Cornwall,Richard Cornwall,229,USA,United States,546,227,US,320,"80, 80, 60, 60, 40",226
olivia a,Olivia Ambrosetti,230,USA,United States,543,217,US,325,"125, 80, 40, 40, 40",218
Lennon Baugh,Lennon Baugh,231,USA,United States,540,265,US,280,"100, 60, 40, 40, 40",260
aiden toler,Aiden Toler,233,USA,United States,540,261,US,280,"80, 60, 60, 40, 40",260
Paolo De La Cruz,Paolo De La Cruz,234,USA,United States,540,271,US,280,"100, 80, 60, 40",260
Tyler Vencill,Tyler Vencill,235,USA,United States,540,257,US,280,"80, 60, 60, 40, 40",260
Hunter North,Hunter North,236,CAN,Canada,537,221,CA,320,"160, 60, 40, 40, 20",217
Canaan Mellard,Canaan Mellard,237,USA,United States,536,233,US,305,"125, 60, 60, 40, 20",231
Evan Lubeley,Evan Lubeley,238,USA,United States,534,273,US,280,"100, 80, 60, 40",254
TERRENCE MILLER,Terrence Miller,241,USA,United States,530,275,US,280,"80, 60, 60, 40, 40",250
Gwen D,gwen durell,242,USA,United States,530,267,US,280,"160, 60, 60",250
Dylan K,Dylan Kasturi,243,USA,United States,530,276,US,280,"80, 80, 80, 40",250
Corey Godfrey,Corey Godfrey,244,USA,United States,527,212,US,340,"100, 80, 80, 60, 20",187
Connor Chiappetta,Connor Chiappetta,245,USA,United States,522,241,US,300,"100, 80, 60, 40, 20",222
Cyrus Davis,Cyrus Davis,246,CAN,Canada,521,213,CA,340,"100, 100, 80, 40, 20",181
Charles Ames,Charles Ames,247,CAN,Canada,520,293,CA,260,"80, 60, 40, 40, 40",260
JIE R,Jie Ran,249,USA,United States,520,300,US,260,"80, 60, 40, 40, 40",260
William T,William Timmermeyer,251,USA,United States,520,291,US,260,"100, 40, 40, 40, 40",260
Ben Kim,Ben Kim,252,USA,United States,520,303,US,260,"100, 100, 60",260
Rosh P,Rosh Patel,253,USA,United States,520,256,US,280,"80, 80, 40, 40, 40",240
Troy Campbell,Troy Campbell,255,USA,United States,520,274,US,280,"100, 80, 40, 40, 20",240
Ludwig Llanos,Ludwig Llanos,256,USA,United States,519,234,US,305,"125, 60, 40, 40, 40",214
Christopher Zervos,Christopher Zervos,257,USA,United States,519,260,US,280,"100, 60, 60, 40, 20",239
Christian Solis,Christian Solis,258,USA,United States,518,199,US,350,350,168
Sky Delacruz,Sky DelaCruz,259,USA,United States,517,287,US,260,"80, 60, 40, 40, 40",257
matthew wood,Matthew Wood,260,CAN,Canada,514,297,CA,260,"80, 60, 40, 40, 40",254
Sachit S,Sachit Soni,261,USA,United States,512,258,US,280,"80, 60, 60, 40, 40",232
Yizhi Ren,Yizhi Ren,262,USA,United States,510,268,US,280,"80, 60, 60, 40, 40",230
jonathan rodriguez,Jonathan Rodriguez,263,USA,United States,506,247,US,300,"80, 60, 60, 60, 40",206
Steven V,Steven Vuong,264,CAN,Canada,505,311,CA,245,"125, 80, 40",260
Cristian Perez,Cristian Perez Nieves,265,USA,United States,505,277,US,280,"160, 120",225
Joel Stroeve,Joel Stroeve,266,USA,United States,503,279,US,265,"125, 60, 60, 20",238
Gabriel Cruz,Gabriel Cruz,268,USA,United States,501,246,US,300,"100, 80, 60, 40, 20",201
Destynn Hatcher,Destynn Hatcher,269,USA,United States,500,331,US,240,"80, 80, 40, 40",260
Serena Shafer,Serena Shafer,270,USA,United States,498,295,US,260,"60, 60, 60, 40, 40",238
WILLIAM HWANG,William Hwang,271,USA,United States,498,238,US,305,"125, 100, 40, 40",193
Nickon Bostandoustnik,Nickon Bostandoustnik,272,CAN,Canada,497,330,CA,240,"60, 60, 40, 40, 40",257
Yehoshua Tate,Yehoshua Tate,272,USA,United States,497,326,US,240,"80, 60, 40, 40, 20",257
Brock Davis,Brock Davis,274,USA,United States,497,315,US,240,"100, 80, 40, 20",257
Eric Zhao,Eric Zhao,275,USA,United States,494,264,US,280,"80, 60, 60, 40, 40",214
Tucker L,Tucker Louis,276,USA,United States,492,252,US,300,"100, 80, 60, 40, 20",192
Tyler Kramer,Tyler Kramer,277,USA,United States,490,283,US,260,"60, 60, 60, 40, 40",230
Ryan Krats,Ryan Krats,278,CAN,Canada,490,321,CA,240,"80, 60, 60, 40",250
Matthew Padget,Matthew Padget,279,USA,United States,490,313,US,240,"80, 80, 60, 20",250
Eric Aubertin,Eric Aubertin,280,CAN,Canada,488,240,CA,300,"100, 100, 40, 40, 20",188
Steven Martin,Steven Martin,281,USA,United States,487,286,US,260,"80, 60, 40, 40, 40",227
Collin Merli-Matthews,Collin Merli-Matthews,282,USA,United States,483,338,US,240,"60, 60, 40, 40, 40",243
Gwen Tran,Gwen Tran,283,USA,United States,483,282,US,260,"80, 60, 40, 40, 40",223
Chris Wigelsworth,Christopher Wigelsworth,284,USA,United States,480,348,US,220,"80, 40, 40, 40, 20",260
Evelyn E,Evelyn Estridge,285,USA,United States,480,349,US,220,"100, 60, 40, 20",260
Alex Remick,Alexander Remick,286,USA,United States,480,352,US,220,"80, 40, 40, 40, 20",260
Sable Creech,Sable Creech,287,USA,United States,480,324,US,240,"80, 60, 40, 40, 20",240
Sam R,Sam Rindal,288,USA,United States,480,354,US,220,"100, 60, 40, 20",260
Eduardo Melendez,Eduardo Melendez,290,USA,United States,480,373,US,220,"100, 100, 20",260
Travis Beckwith,Travis Beckwith,291,USA,United States,480,132,US,425,"125, 100, 80, 60, 60",55
BALDEMAR MERLO,Baldemar Merlo,292,USA,United States,477,353,US,220,"80, 60, 40, 40",257
Justin Stites,Justin Stites,293,USA,United States,477,365,US,220,"100, 60, 40, 20",257
Jeremy Castro,Jeremy Castro,294,USA,United States,477,374,US,220,"120, 60, 40",257
jac carter,Jac Carter,295,USA,United States,477,263,US,280,"100, 80, 60, 40",197
Johnathan Starr,Johnathan Starr,296,USA,United States,476,259,US,280,"80, 60, 60, 40, 40",196
Scott DeGraw,Scott DeGraw,297,USA,United States,474,328,US,240,"100, 80, 60",234
CAMERON SCOTLAND,Cameron Scotland,298,USA,United States,473,280,US,265,"125, 60, 60, 20",208
Matt Bridges,Matt Bridges,299,USA,United States,473,335,US,240,"80, 60, 60, 40",233
Chandler Crain,Chandler Crain,300,USA,United States,470,357,US,220,"80, 60, 40, 20, 20",250
Collins Eckard,Collins Eckard,301,USA,United States,470,358,US,220,"80, 80, 40, 20",250
Daniel Lin,Daniel Lin,302,CAN,Canada,469,337,CA,240,"100, 80, 60",229
Michael Morton,Mike Morton,303,USA,United States,467,366,US,220,"80, 80, 40, 20",247
John Mostowy,John Mostowy,304,USA,United States,467,343,US,225,"125, 60, 40",242
Gregory Minklei,Greg Minklei,305,USA,United States,467,306,US,260,"80, 80, 60, 40",207
Stephen Richardson,Stephen Richardson,306,USA,United States,466,316,US,240,"80, 60, 40, 40, 20",226
Felix Wong,Felix Wong,307,CAN,Canada,465,376,CA,205,"125, 80",260
Andrew Tucker,Andrew Tucker,308,USA,United States,465,294,US,260,"80, 80, 40, 40, 20",205
Max Korobov,Maxim Korobov,308,USA,United States,465,318,US,240,"80, 60, 40, 40, 20",225
James Simms,James Simms,310,USA,United States,464,332,US,240,"100, 100, 40",224
Zhen Zhang,Zhen Zhang,311,USA,United States,461,628,US,140,"100, 40",321
Zhen Zhang,Zhen Zhang,311,USA,United States,461,1421,CA,60,60,401
Krystal Florendo,Krystal Florendo,312,CAN,Canada,460,390,CA,200,"60, 40, 40, 40, 20",260
Dario Marchetta,Dario Marchetta,313,CAN,Canada,460,387,CA,200,"100, 60, 40",260
Rose Little,Rose Little,315,USA,United States,460,395,US,200,"100, 40, 20, 20, 20",260
Joel Bergman,Joel Bergman,316,CAN,Canada,460,299,CA,260,"60, 60, 60, 40, 40",200
Kaleb Jacobson,Kaleb Jacobson,317,USA,United States,460,379,US,200,"100, 60, 40",260
domenick ritchie,Domenick Ritchie,318,CAN,Canada,460,378,CA,200,"80, 80, 40",260
Cody Byrd,Cody Byrd,319,USA,United States,460,342,US,225,"125, 60, 40",235
douglas cox,Douglas Cox,320,USA,United States,459,305,US,260,"80, 80, 40, 40, 20",199
Eric Brodeur,Eric Brodeur,321,USA,United States,458,372,US,220,"80, 60, 40, 20, 20",238
austin drake,Austin Drake,323,CAN,Canada,457,409,CA,200,"100, 60, 40",257
Andrew Weiss,Andrew Weiss,324,USA,United States,457,214,US,340,"120, 80, 60, 40, 40",117
MATTHEW NIXON,Matthew Nixon,326,USA,United States,456,285,US,260,"80, 80, 40, 40, 20",196
Thomas Dewsbury,Thomas Dewsbury,327,USA,United States,454,272,US,280,"80, 80, 60, 40, 20",174
Armando Arce,Armando Arce,328,USA,United States,454,253,US,300,"160, 100, 40",154
Jorge A,Jorge Arteaga,331,USA,United States,450,404,US,200,"80, 40, 40, 20, 20",250
CORY KOEHLER,Cory Koehler,332,USA,United States,450,401,US,200,"60, 60, 40, 40",250
Jose Marzan,Jose Marzan,333,USA,United States,450,302,US,260,"100, 80, 60, 20",190
rowan willeke,Rowan Willeke,334,USA,United States,449,333,US,240,"100, 60, 40, 40",209
Karthik Vemulapalli,Karthik Vemulapalli,335,USA,United States,449,298,US,260,"100, 60, 60, 40",189
caleb tomas,Caleb Tomas,336,USA,United States,448,400,US,200,"80, 40, 40, 40",248
Jonathan Means,Jonathan Means,337,USA,United States,446,301,US,260,"160, 60, 40",186
Nick Robinson,Nick Robinson,338,USA,United States,446,380,US,200,"60, 60, 40, 40",246
Nathaniel Edelman,Nathaniel Edelman,339,USA,United States,444,356,US,220,"100, 60, 40, 20",224
Ryan Gerhart,Ryan Gerhart,340,USA,United States,442,921,US,100,100,342
Axel Alvarez,Axel Alvarez,341,USA,United States,442,394,US,200,"80, 60, 40, 20",242
Stephen Eshghy,Stephen Eshghy,342,USA,United States,442,351,US,220,"60, 40, 40, 40, 40",222
Zach Prah,Zach Prah,343,USA,United States,440,427,US,180,"80, 60, 40",260
Loc Nguyen,Loc Nguyen,344,USA,United States,440,434,US,180,"60, 40, 40, 20, 20",260
BRETT HARTMANN,Brett Hartmann,345,USA,United States,440,411,US,200,"100, 80, 20",240
SETH RAMOS,SETH RAMOS,346,USA,United States,440,391,US,200,"80, 60, 40, 20",240
Dexter S,Dexter Siberell,346,USA,United States,440,461,US,180,"40, 40, 40, 40, 20",260
ELINEURY C,Elineury Collado,348,USA,United States,440,323,US,240,"100, 80, 40, 20",200
Teegan Hall,Teegan Hall,349,USA,United States,440,441,US,180,"80, 40, 40, 20",260
I-Chen Lin,I-Chen Lin,350,USA,United States,437,269,US,280,"100, 60, 60, 60",157
Christina Korsak,Christina Korsak,351,USA,United States,435,296,US,260,"100, 60, 40, 40, 20",175
Noah Peltier,Noah Peltier,352,USA,United States,434,392,US,200,"80, 60, 40, 20",234
Sascha Rogge,Sascha Rogge,353,CAN,Canada,432,371,CA,220,"160, 60",212
Nicholas C,Nicholas Cucinelli,354,USA,United States,432,405,US,200,"160, 40",232
Matthew D,Matthew Dennery,357,USA,United States,430,425,US,180,"80, 60, 40",250
Donald Cao,Donald Cao,358,USA,United States,430,439,US,180,"40, 40, 40, 40, 20",250
Michelle M,Michelle Messinger,359,USA,United States,430,442,US,180,"100, 20, 20, 20, 20",250
Kabir Virji,Kabir Virji,360,CAN,Canada,429,322,CA,240,"80, 60, 40, 40, 20",189
Kevin Krueger,Kevin Krueger,361,USA,United States,429,232,US,305,"125, 100, 80",124
John Stewart,John Stewart,362,USA,United States,427,359,US,220,"80, 60, 40, 20, 20",207
Kyle Sanchez,Kyle Sanchez,363,USA,United States,427,416,US,200,"80, 80, 40",227
Demarco Jordan,Demarco Jordan,364,USA,United States,427,466,US,180,"80, 60, 40",247
Alexander Adams Hsu,Alexander Adams Hsu,365,USA,United States,426,383,US,200,"60, 40, 40, 40, 20",226
Cody Roripaugh,Cody Roripaugh,366,USA,United States,425,470,US,165,"125, 20, 20",260
Malachi Ryder,Malachi Ryder,367,USA,United States,425,468,US,165,"125, 40",260
Tianqi Zhang,Tianqi Zhang,368,CAN,Canada,424,414,CA,200,"100, 40, 40, 20",224
Benjamin Anders,Benjamin Anders,369,USA,United States,424,406,US,200,"100, 60, 40",224
Reed Casterlin,Reed Casterlin,371,USA,United States,424,402,US,200,"60, 40, 40, 40, 20",224
Drue Townsend,Drue Townsend,372,USA,United States,424,255,US,285,"125, 100, 60",139
Michael Natto,Michael Natto,373,USA,United States,423,320,US,240,"80, 40, 40, 40, 40",183
Michael Holmblad,Michael Holmblad,374,USA,United States,422,440,US,180,"60, 40, 40, 20, 20",242
Bryan Ortiz,Bryan Ortiz,375,CAN,Canada,420,504,CA,160,"80, 60, 20",260
Mike Pianka,Mike Pianka,376,USA,United States,420,490,US,160,"80, 40, 40",260
Brendan Acri,Brendan Acri,379,USA,United States,420,494,US,160,"40, 40, 40, 40",260
Rain K,Rain Keuma,381,USA,United States,420,462,US,180,"40, 40, 40, 40, 20",240
Chris Stotts,Chris Stotts,382,USA,United States,420,455,US,180,"60, 60, 60",240
Tsz chun Christopher Chan,Tsz chun Christopher Chan,383,CAN,Canada,420,465,CA,180,"80, 60, 40",240
JAMES WASHER,James Washer,384,USA,United States,420,284,US,260,"80, 60, 60, 40, 20",160
Andrew Z,Andrew Zheng,385,USA,United States,420,540,US,160,"80, 80",260
Ayden C,Ayden Crosby,386,USA,United States,419,398,US,200,"80, 80, 40",219
Jose Torres,José Torres,388,USA,United States,417,421,US,185,"125, 60",232
Taylor Johnson,Taylor Johnson,389,USA,United States,417,479,US,160,"80, 60, 20",257
Aidyn Moye,Aidyn Moye,390,USA,United States,412,446,US,180,"80, 40, 40, 20",232
Jake P,Jake Pilch,391,USA,United States,412,443,US,180,"80, 60, 40",232
Michael Larson,Michael Larson,392,USA,United States,411,467,US,180,"100, 80",231
Sammy Goldschein,Sammy Goldschein,393,USA,United States,411,536,US,160,"100, 40, 20",251
Luke Levy,Luke Levy,394,USA,United States,410,507,US,160,"60, 60, 20, 20",250
Nickales McCrae Vernon,Nickales Vernon,395,USA,United States,410,346,US,220,"100, 80, 40",190
Tyler Ashlock,Tyler Ashlock,397,USA,United States,410,510,US,160,"80, 80",250
Tony Mendoza,tony mendoza,398,USA,United States,410,519,US,160,"80, 40, 40",250
Kevin Deitche,Kevin Deitche,399,USA,United States,408,444,US,180,"60, 40, 40, 40",228
Adewale A,Adewale Adeleke,400,USA,United States,408,415,US,200,"100, 40, 40, 20",208
Omar Quezada,Omar Quezada,401,USA,United States,407,310,US,245,"125, 60, 60",162
Andrew Nunez,Andrew Nunez,402,USA,United States,407,266,US,280,"100, 80, 40, 40, 20",127
China Ross,China Ross,403,USA,United States,405,367,US,220,"80, 60, 40, 40",185
Ethan Lin,Ethan Lin,404,USA,United States,404,525,US,160,"60, 40, 40, 20",244
Brandon Lane,Brandon Lane,405,USA,United States,403,368,US,220,"100, 80, 40",183
garrett briglia,garrett briglia,406,USA,United States,402,420,US,185,"125, 40, 20",217
TANNER D,Tanner Drabek,407,USA,United States,402,362,US,220,"100, 60, 40, 20",182
Alex W,Alex Wood,408,USA,United States,402,314,US,240,"80, 60, 60, 40",162
Michael c,Michael Cacilhas,409,USA,United States,401,419,US,185,"125, 40, 20",216
Maxime Brisson,Maxime Brisson,410,CAN,Canada,400,486,CA,160,"80, 60, 20",240
Aaron Davis,Aaron Davis,412,USA,United States,400,589,US,140,"80, 60",260
Rishwyn Singh,Rishwyn S Singh,414,USA,United States,400,523,US,160,"60, 60, 40",240
Alejandro Flores,Alejandro Flores,415,USA,United States,400,591,US,140,"60, 40, 40",260
Logan Hendrickson,Logan Hendrickson,415,USA,United States,400,603,US,140,"60, 40, 40",260
alexys rodriguez,alexys rodriguez,417,USA,United States,400,573,US,140,"60, 40, 20, 20",260
Josh Stapler,Josh Stapler,418,USA,United States,400,553,US,140,"60, 40, 40",260
Michael Feller,Michael Feller,419,USA,United States,400,585,US,140,"60, 40, 40",260
andrew williamson,Andrew Williamson,420,USA,United States,400,611,US,140,"80, 60",260
Austin Davis,Austin Davis,421,USA,United States,400,500,US,160,"80, 60, 20",240
Jason L,Jason Larabee,422,CAN,Canada,399,410,CA,200,"100, 40, 40, 20",199
Ivan Chan,Ivan Chan,426,USA,United States,395,546,US,145,"125, 20",250
Jack Saunders,Jack Saunders,427,CAN,Canada,394,610,CA,140,"60, 40, 40",254
Jack Saunders,Jack Saunders,427,CAN,Canada,394,2304,US,40,40,354
Nikky Riccio,Nikky Riccio,428,USA,United States,394,619,US,140,"80, 60",254
Ramon Miranda,Ramon Miranda,429,USA,United States,394,437,US,180,"80, 40, 40, 20",214
Andrew Mallach,Andrew Mallach,430,USA,United States,394,370,US,220,"100, 60, 60",174
Nathaniel Kirksey,Nate Kirksey,431,USA,United States,391,472,US,165,"125, 40",226
Alexander Leksan,Alex Leksan,432,USA,United States,390,583,US,140,"60, 40, 20, 20",250
Nic Stewart,Nic Stewart,433,USA,United States,390,582,US,140,"60, 60, 20",250
Yul Gweon,Yul Gweon,434,USA,United States,389,449,US,180,"80, 60, 40",209
AUSTEN VANCE,austen vance,435,USA,United States,389,423,US,180,"100, 80",209
Joshua Marsden,Joshua Marsden,437,USA,United States,388,430,US,180,"80, 40, 40, 20",208
Kevin S,Kevin Sun,438,USA,United States,388,417,US,200,"100, 60, 40",188
Mason Lovato,Mason Lovato,440,USA,United States,387,458,US,180,"60, 60, 40, 20",207
Ethan Metzger,Ethan Metzger,441,USA,United States,386,456,US,180,"60, 60, 60",206
ThanhNhan Nguyen,Thanh Nhan Nguyen,443,USA,United States,384,518,US,160,"80, 40, 20, 20",224
Max E,Max Elsass,445,USA,United States,382,469,US,165,"125, 40",217
Aidan Tauber,Aidan Tauber,447,USA,United States,382,450,US,180,"80, 60, 40",202
Nolan Freda,Nolan Freda,448,USA,United States,382,483,US,160,"60, 60, 40",222
Eugene Brown,Eugene Brown,449,USA,United States,381,426,US,180,"60, 60, 40, 20",201
David Veronica,David Veronica,450,USA,United States,381,459,US,180,"100, 40, 40",201
Eric Liu,Eric Liu,451,USA,United States,381,548,US,140,"100, 20, 20",241
Paolo Veloso,Jose Paolo Veloso,452,CAN,Canada,380,531,CA,160,"80, 40, 40",220
Noah Kaiser,Noah Kaiser,453,USA,United States,380,716,US,120,"40, 40, 40",260
Nathan B,Nathan Barker,454,USA,United States,380,569,US,140,"40, 40, 40, 20",240
Scott Patchett,Scott Patchett,455,CAN,Canada,380,579,CA,140,"60, 40, 20, 20",240
Joe Sturino,Joe Sturino,456,USA,United States,380,561,US,140,"60, 40, 20, 20",240
Justin Blanchard,Justin Blanchard,457,USA,United States,380,679,US,120,"60, 20, 20, 20",260
Evan P,Evan Pavelski,458,USA,United States,380,542,US,160,160,220
Anthony Scornavacca,Anthony Scornavacca,459,USA,United States,380,663,US,120,"60, 40, 20",260
Jeremy Gibson,Jeremy Gibson,460,USA,United States,380,161,US,380,"160, 100, 80, 40",0
Gilberto Acosta,Gilberto Acosta,461,USA,United States,378,641,US,125,125,253
Brennan Winkler,Brennan Winkler,462,USA,United States,377,481,US,160,"60, 40, 40, 20",217
Andrew Mintz,Andrew Mintz,463,USA,United States,377,534,US,160,"60, 60, 40",217
Jarred ingersoll,Jarred Ingersoll,464,USA,United States,377,647,US,125,125,252
Aidan Ferrer,Aidan Ferrer,465,USA,United States,377,493,US,160,"60, 40, 40, 20",217
Ramon Luis Morales Díaz,Ramon Morales Diaz,466,USA,United States,377,640,US,125,125,252
Nathan Hollar,Nathan Hollar,467,USA,United States,377,571,US,140,"80, 40, 20",237
Nathan Schaal,Nathan Schaal,469,USA,United States,374,742,US,120,"80, 40",254
Tanner Leonardo,Tanner Leonardo,470,USA,United States,374,706,US,120,"40, 40, 40",254
Benjamin Dobberstein,Ben Dobberstein,471,USA,United States,374,667,US,120,"40, 40, 40",254
John Hunschofsky,John Hunschofsky,472,USA,United States,374,307,US,245,"125, 80, 20, 20",129
jacob eye,jacob eye,473,USA,United States,374,705,US,120,"40, 40, 40",254
Johnny Maas,John Maas,474,USA,United States,374,399,US,200,"100, 80, 20",174
Victor Ghibu,Victor Ghibu,476,CAN,Canada,372,384,CA,200,"40, 40, 40, 40, 40",172
Josh GreiffJoshG,Josh Greiff,477,USA,United States,372,559,US,140,"60, 40, 20, 20",232
Hunter Hufstutler,Hunter Hufstutler,478,USA,United States,372,649,US,125,125,247
Brian D,Brian Du,480,USA,United States,370,744,US,120,"80, 40",250
Mauricio Martinez,Mauricio Martinez,482,USA,United States,369,623,US,140,"60, 40, 40",229
Muhammad Ideis,Muhammad Ideis,483,USA,United States,369,645,US,125,125,244
Danny Thach,Danny Thach,484,USA,United States,367,633,US,140,"100, 40",227
Drew Allen,Drew Allen,485,CAN,Canada,367,666,CA,120,"40, 40, 40",247
Preston Wells,Preston Wells,487,USA,United States,366,532,US,160,"80, 40, 40",206
Trevor Tran,Trevor Tran,488,USA,United States,365,433,US,180,"40, 40, 40, 40, 20",185
Andy Gantner,ANDREW GANTNER,489,USA,United States,365,270,US,280,"100, 100, 80",85
Alex LeBlanc,Alex LeBlanc,490,USA,United States,365,511,US,160,"80, 80",205
Joseph Hong,Joseph Hong,491,CAN,Canada,364,567,US,140,"80, 40, 20",224
Benjamin Cusack,Benjamin Cusack,492,CAN,Canada,364,576,CA,140,"80, 40, 20",224
Benjamin Clark,Benjamin Clark,495,USA,United States,362,308,US,245,"125, 80, 40",117
Charlie Thompson,Charlie Thompson,496,CAN,Canada,362,289,CA,260,"60, 60, 60, 40, 40",102
Spencer Johnson,Spencer Johnson,497,USA,United States,362,739,US,120,"60, 40, 20",242
Logan Anna,Logan Anna,498,USA,United States,362,613,US,140,"80, 60",222
Ardienne Salas,Ardienne Salas,499,CAN,Canada,361,495,CA,160,"60, 40, 40, 20",201
Izaiah Santiago,Izaiah Santiago,500,USA,United States,360,818,US,100,"40, 40, 20",260
Emmett L,Emmett Lorenzen,501,USA,United States,360,711,US,120,"60, 40, 20",240
Joseph Guillen,Joseph Guillen,502,USA,United States,360,685,US,120,"60, 40, 20",240
Asher Kier,Asher Kier,504,USA,United States,360,900,US,100,"40, 40, 20",260
Brooke English,Brooke English,505,USA,United States,360,803,US,100,"60, 40",260
Tariq Eddington,Tariq Eddington,506,USA,United States,360,767,US,120,"40, 40, 40",240
Seth Christopher,Seth Christopher,507,USA,United States,360,662,US,120,"60, 40, 20",240
Alex Scheller,Alexander Scheller,509,USA,United States,360,634,US,125,125,235
Dan Hugar,Dan Hugar,510,USA,United States,360,424,US,180,"80, 80, 20",180
Casey Katsouris,Casey Katsouris,511,USA,United States,360,231,US,310,"125, 125, 60",50
Anthony Romanello,Anthony Romanello,513,USA,United States,357,502,US,160,"100, 40, 20",197
Luke Townsend,Luke Townsend,514,USA,United States,357,664,US,120,"60, 60",237
Ben Hays,Ben Hays,516,USA,United States,356,508,US,160,"80, 80",196
Zach Cohen,Zach Cohen,517,USA,United States,356,312,US,240,"100, 100, 40",116
Grayson Lang,Grayson Lang,518,USA,United States,355,825,US,100,"80, 20",255
Lucas Harbuck,Lucas Harbuck,519,USA,United States,355,563,US,140,"60, 40, 40",215
Gavin Jewan,Gavin Jewan,520,CAN,Canada,354,460,CA,180,"100, 40, 40",174
Luke Brandow,Luke Brandow,520,USA,United States,354,592,US,140,"80, 60",214
JORDON BARROW,Jordon Barrow,522,USA,United States,354,581,US,140,"60, 40, 20, 20",214
Simon Luong,Simon Luong,523,CAN,Canada,353,471,CA,165,"125, 40",188
Ian M,Ian McGregor,524,USA,United States,353,708,US,120,"80, 40",233
James Fitzgerald,James Fitzgerald,525,CAN,Canada,351,630,CA,140,"80, 60",211
Gregory Lim,Gregory Lim,526,CAN,Canada,351,609,CA,140,"60, 40, 40",211
Blake Underhill,Blake Underhill,527,USA,United States,351,488,US,160,"80, 40, 40",191
connor chapkis,Connor Chapkis,528,USA,United States,351,407,US,200,"60, 60, 60, 20",151
Jan-Michael Ortiz,Jan Michael Ortiz,530,USA,United States,350,884,US,100,"60, 20, 20",250
Brandon Morris,Brandon Morris,531,USA,United States,350,783,US,100,"60, 40",250
james coyle,James Coyle,532,USA,United States,350,789,US,100,"40, 40, 20",250
Dyson Umtuch,Dyson Umtuch,533,USA,United States,350,595,US,140,"60, 40, 40",210
Renjie Ye,Renjie Ye,535,USA,United States,349,552,US,140,"80, 40, 20",209
Anthony Kelly,Anthony Kelly,536,USA,United States,348,554,US,140,"60, 40, 20, 20",208
Alexander C,Alexander Chea,537,USA,United States,348,584,US,140,"60, 40, 40",208
Philip Nguyen,Philip Nguyen,538,CAN,Canada,347,631,CA,140,"100, 40",207
Harry Rachel,Harry Rachel,539,USA,United States,347,775,US,100,100,247
Abijah J,Abijah Jongsma,540,CAN,Canada,347,560,CA,140,"80, 60",207
Wyatt York,Wyatt York,541,USA,United States,347,770,US,120,"80, 40",227
Yosha Riley,Yosha Riley,541,USA,United States,347,883,US,100,"60, 40",247
Cole Riney,Cole Riney,543,USA,United States,347,842,US,100,"60, 40",247
Michael Ginchereau,Michael Ginchereau,544,USA,United States,346,700,US,120,"60, 60",226
Jacob Smith,Jacob Smith,546,USA,United States,346,381,US,200,"80, 60, 40, 20",146
ray cipoletti,ray Cipoletti,547,USA,United States,345,661,US,120,"60, 40, 20",225
Alex Lien,Alex Lien,548,USA,United States,345,236,US,305,"125, 100, 80",40
Kris Kavanagh,Kris Kavanagh,549,USA,United States,344,814,US,100,"40, 20, 20, 20",244
James Quick,James Quick,550,USA,United States,344,562,US,140,"80, 40, 20",204
Bryan Benavides,Bryan Benavides,551,USA,United States,344,904,US,100,100,244
Adrian Monin,Adrian Monin,552,USA,United States,344,776,US,100,"80, 20",244
Bradley Lippert,Bradley Lippert,554,USA,United States,343,653,US,120,"100, 20",223
Marc Perry,Marc Perry,554,USA,United States,343,544,US,145,"125, 20",198
Justin Wold,Justin Wold,556,USA,United States,343,448,US,180,"80, 60, 40",163
Robert Simpson,Robert Simpson,557,CAN,Canada,342,888,CA,100,"60, 40",242
Gavin Zhou,Gavin Zhou,559,CAN,Canada,342,492,CA,160,"40, 40, 40, 20, 20",182
Avante Benson,Avante Benson,560,USA,United States,342,451,US,180,"100, 40, 20, 20",162
Hunter W,Hunter Wood,561,USA,United States,342,587,US,140,"60, 40, 40",202
Patrick Kingman,Patrick Kingman,563,USA,United States,341,474,US,165,"125, 40",176
August Painter,August Painter,564,USA,United States,340,1103,US,80,"60, 20",260
Aaron West,Aaron West,565,USA,United States,340,989,US,80,"40, 20, 20",260
Giannpierre Aquino,Giannpierre Aquino,567,USA,United States,340,805,US,100,"60, 40",240
Josh Maline,Josh Maline,568,USA,United States,340,1045,US,80,"40, 40",260
Ryan Bowman,Ryan Bowman,569,USA,United States,340,994,US,80,"40, 20, 20",260
Alex Cole,Alex Cole,570,USA,United States,340,1205,US,80,80,260
Steven Bates,Steven Bates,571,USA,United States,340,1121,US,80,"60, 20",260
Jerry Reinhart,Jerry Reinhart,572,USA,United States,340,1085,US,80,"40, 40",260
Kenny Hernandez,Kenny Hernandez,573,USA,United States,340,668,US,120,"60, 40, 20",220
Edwin Arrollo,Edwin Arrollo,574,USA,United States,340,1089,US,80,80,260
Grayson Jones,Grayson Jones,575,USA,United States,340,489,US,160,"60, 60, 40",180
Regan R,Regan Retzloff,576,USA,United States,340,325,US,240,"100, 80, 40, 20",100
Jonathan Arias,Jonathan Arias,577,USA,United States,339,671,US,120,"40, 40, 40",219
Patrick McKay,Patrick McKay,578,CAN,Canada,339,629,CA,140,"80, 60",199
Uddish Sood,Uddish Sood,579,USA,United States,338,498,US,160,"80, 40, 20, 20",178
Zach Balside,Zach Balside,581,USA,United States,338,568,US,140,"80, 40, 20",198
Austin Swayne,Austin Swayne,582,USA,United States,337,906,US,100,"60, 40",237
Dillon Barta,Dillon Barta,583,USA,United States,337,714,US,120,"40, 40, 40",217
Riyad Mechel,riyad mechel,584,CAN,Canada,337,616,CA,140,"80, 40, 20",197
Ken Duong,Ken duong,586,USA,United States,337,600,US,140,"40, 40, 40, 20",197
Zander Bennett,Zander Bennett,587,USA,United States,336,447,US,180,"60, 40, 40, 40",156
Trenton Ross,Trenton Ross,588,USA,United States,335,908,US,100,"60, 40",235
Joseph Moore-Costa,Joseph Moore-Costa,589,USA,United States,335,496,US,160,"80, 40, 40",175
tony santos,Tony Santos,590,USA,United States,335,565,US,140,"40, 40, 40, 20",195
Richard T,Richard Tian,591,CAN,Canada,334,761,CA,120,"80, 40",214
Patrick Rampton,Patrick Rampton,592,USA,United States,334,436,US,180,"40, 40, 40, 40, 20",154
Reilly C,Reilly Cooper,593,USA,United States,334,526,US,160,"80, 40, 20, 20",174
Parker Greenwald,Parker Greenwald,594,USA,United States,334,665,US,120,"60, 40, 20",214
Curtis Hart,Curtis Hart,595,USA,United States,334,756,US,120,"80, 40",214
Justin Brown,Justin Brown,596,USA,United States,332,788,US,100,"60, 40",232
Liam Petrie,Liam Petrie,598,USA,United States,332,1146,US,80,"40, 40",252
Keaton Ash,Keaton Ash,599,USA,United States,332,1247,US,80,80,252
